{"cameraMode":{"drawMode":0,"name":"Shaded","section":"Shading Mode"},"sceneLighting":false,"audioPlay":false,"sceneViewState":{"showFog":true,"showMaterialUpdate":false,"showSkybox":false,"showFlares":true,"showImageEffects":true,"showParticleSystems":true},"in2DMode":false,"pivot":{"x":-2.1594364643096926,"y":-0.8766770362854004,"z":34.62307357788086},"rotation":{"x":-0.09314919263124466,"y":0.02448727935552597,"z":-0.002292020246386528,"w":-0.9953483939170837},"size":51.21098709106445,"orthographic":false}